date,ingredient_id,qty_on_hand
2026-07-05,chicken,2.0
2026-07-05,beef_patty,33.0
2026-07-05,fish_fillet,0.0
2026-07-05,romaine,3.0
2026-07-05,tomato,8.0
2026-07-05,tortilla,12.0
2026-07-05,bun,33.0
2026-07-05,penne,5.5
2026-07-05,cream,3.5
2026-07-05,parmesan,1.0
2026-07-05,fries_frozen,11.5
2026-07-05,cheddar,1.5
2026-07-12,chicken,0.0
2026-07-12,beef_patty,45.0
2026-07-12,fish_fillet,0.0
2026-07-12,romaine,14.0
2026-07-12,tomato,8.0
2026-07-12,tortilla,70.0
2026-07-12,bun,45.0
2026-07-12,penne,6.5
2026-07-12,cream,3.0
2026-07-12,parmesan,1.5
2026-07-12,fries_frozen,21.0
2026-07-12,cheddar,2.5
2026-07-19,chicken,7.5
2026-07-19,beef_patty,40.0
2026-07-19,fish_fillet,0.0
2026-07-19,romaine,21.0
2026-07-19,tomato,13.0
2026-07-19,tortilla,79.0
2026-07-19,bun,40.0
2026-07-19,penne,11.0
2026-07-19,cream,9.5
2026-07-19,parmesan,2.0
2026-07-19,fries_frozen,27.0
2026-07-19,cheddar,2.5
2026-07-26,chicken,0.0
2026-07-26,beef_patty,59.0
2026-07-26,fish_fillet,0.0
2026-07-26,romaine,17.0
2026-07-26,tomato,5.5
2026-07-26,tortilla,45.0
2026-07-26,bun,59.0
2026-07-26,penne,3.0
2026-07-26,cream,0.5
2026-07-26,parmesan,0.0
2026-07-26,fries_frozen,22.5
2026-07-26,cheddar,3.5
2026-08-02,chicken,12.5
2026-08-02,beef_patty,47.0
2026-08-02,fish_fillet,0.0
2026-08-02,romaine,23.0
2026-08-02,tomato,8.0
2026-08-02,tortilla,85.0
2026-08-02,bun,47.0
2026-08-02,penne,5.5
2026-08-02,cream,4.5
2026-08-02,parmesan,1.5
2026-08-02,fries_frozen,10.0
2026-08-02,cheddar,3.5
2026-08-09,chicken,0.0
2026-08-09,beef_patty,0.0
2026-08-09,fish_fillet,0.0
2026-08-09,romaine,18.0
2026-08-09,tomato,3.5
2026-08-09,tortilla,56.0
2026-08-09,bun,0.0
2026-08-09,penne,8.5
2026-08-09,cream,5.5
2026-08-09,parmesan,1.5
2026-08-09,fries_frozen,7.5
2026-08-09,cheddar,1.5
2026-08-16,chicken,0.0
2026-08-16,beef_patty,46.0
2026-08-16,fish_fillet,0.0
2026-08-16,romaine,19.0
2026-08-16,tomato,4.5
2026-08-16,tortilla,0.0
2026-08-16,bun,46.0
2026-08-16,penne,3.0
2026-08-16,cream,3.5
2026-08-16,parmesan,1.0
2026-08-16,fries_frozen,8.0
2026-08-16,cheddar,1.5
2026-08-23,chicken,0.0
2026-08-23,beef_patty,66.0
2026-08-23,fish_fillet,0.0
2026-08-23,romaine,25.0
2026-08-23,tomato,16.5
2026-08-23,tortilla,55.0
2026-08-23,bun,66.0
2026-08-23,penne,6.0
2026-08-23,cream,5.5
2026-08-23,parmesan,1.5
2026-08-23,fries_frozen,38.0
2026-08-23,cheddar,3.0
2026-08-30,chicken,0.0
2026-08-30,beef_patty,42.0
2026-08-30,fish_fillet,0.0
2026-08-30,romaine,5.0
2026-08-30,tomato,8.0
2026-08-30,tortilla,30.0
2026-08-30,bun,42.0
2026-08-30,penne,0.0
2026-08-30,cream,2.5
2026-08-30,parmesan,0.5
2026-08-30,fries_frozen,14.5
2026-08-30,cheddar,1.5
2026-09-06,chicken,0.0
2026-09-06,beef_patty,45.0
2026-09-06,fish_fillet,0.0
2026-09-06,romaine,11.0
2026-09-06,tomato,5.0
2026-09-06,tortilla,38.0
2026-09-06,bun,45.0
2026-09-06,penne,0.0
2026-09-06,cream,0.5
2026-09-06,parmesan,0.5
2026-09-06,fries_frozen,18.5
2026-09-06,cheddar,1.5
2026-09-13,chicken,5.0
2026-09-13,beef_patty,31.0
2026-09-13,fish_fillet,0.0
2026-09-13,romaine,18.0
2026-09-13,tomato,5.0
2026-09-13,tortilla,38.0
2026-09-13,bun,31.0
2026-09-13,penne,8.5
2026-09-13,cream,9.0
2026-09-13,parmesan,2.5
2026-09-13,fries_frozen,19.0
2026-09-13,cheddar,2.5
2026-09-20,chicken,4.5
2026-09-20,beef_patty,62.0
2026-09-20,fish_fillet,0.0
2026-09-20,romaine,29.0
2026-09-20,tomato,10.0
2026-09-20,tortilla,34.0
2026-09-20,bun,62.0
2026-09-20,penne,7.0
2026-09-20,cream,6.0
2026-09-20,parmesan,2.0
2026-09-20,fries_frozen,15.0
2026-09-20,cheddar,3.5
