date,ingredient_id,qty,unit_cost,total
2026-06-29,chicken,40,11.5,460.0
2026-06-29,beef_patty,192,1.6,307.2
2026-06-29,fish_fillet,20,18.0,360.0
2026-06-29,romaine,84,1.8,151.2
2026-06-29,tomato,35,3.5,122.5
2026-06-29,tortilla,192,0.35,67.2
2026-06-29,bun,192,0.45,86.4
2026-06-29,penne,15,3.2,48.0
2026-06-29,cream,16,5.5,88.0
2026-06-29,parmesan,5,22.0,110.0
2026-06-29,fries_frozen,90,2.8,252.0
2026-06-29,cheddar,10,12.0,120.0
2026-07-02,chicken,40,11.5,460.0
2026-07-02,beef_patty,168,1.6,268.8
2026-07-02,fish_fillet,26,18.0,468.0
2026-07-02,romaine,84,1.8,151.2
2026-07-02,tomato,35,3.5,122.5
2026-07-02,tortilla,144,0.35,50.4
2026-07-02,bun,168,0.45,75.6
2026-07-02,penne,15,3.2,48.0
2026-07-02,cream,12,5.5,66.0
2026-07-02,parmesan,4,22.0,88.0
2026-07-02,fries_frozen,90,2.8,252.0
2026-07-02,cheddar,8,12.0,96.0
2026-07-06,chicken,45,11.5,517.5
2026-07-06,beef_patty,144,1.6,230.4
2026-07-06,fish_fillet,18,18.0,324.0
2026-07-06,romaine,96,1.8,172.8
2026-07-06,tomato,30,3.5,105.0
2026-07-06,tortilla,192,0.35,67.2
2026-07-06,bun,144,0.45,64.8
2026-07-06,penne,10,3.2,32.0
2026-07-06,cream,12,5.5,66.0
2026-07-06,parmesan,4,22.0,88.0
2026-07-06,fries_frozen,80,2.8,224.0
2026-07-06,cheddar,8,12.0,96.0
2026-07-09,chicken,35,11.5,402.5
2026-07-09,beef_patty,192,1.6,307.2
2026-07-09,fish_fillet,24,18.0,432.0
2026-07-09,romaine,60,1.8,108.0
2026-07-09,tomato,30,3.5,105.0
2026-07-09,tortilla,144,0.35,50.4
2026-07-09,bun,192,0.45,86.4
2026-07-09,penne,15,3.2,48.0
2026-07-09,cream,12,5.5,66.0
2026-07-09,parmesan,4,22.0,88.0
2026-07-09,fries_frozen,90,2.8,252.0
2026-07-09,cheddar,8,12.0,96.0
2026-07-13,chicken,40,11.5,460.0
2026-07-13,beef_patty,144,1.6,230.4
2026-07-13,fish_fillet,20,18.0,360.0
2026-07-13,romaine,72,1.8,129.6
2026-07-13,tomato,25,3.5,87.5
2026-07-13,tortilla,96,0.35,33.6
2026-07-13,bun,144,0.45,64.8
2026-07-13,penne,10,3.2,32.0
2026-07-13,cream,12,5.5,66.0
2026-07-13,parmesan,3,22.0,66.0
2026-07-13,fries_frozen,70,2.8,196.0
2026-07-13,cheddar,6,12.0,72.0
2026-07-16,chicken,40,11.5,460.0
2026-07-16,beef_patty,216,1.6,345.6
2026-07-16,fish_fillet,26,18.0,468.0
2026-07-16,romaine,96,1.8,172.8
2026-07-16,tomato,45,3.5,157.5
2026-07-16,tortilla,192,0.35,67.2
2026-07-16,bun,216,0.45,97.2
2026-07-16,penne,15,3.2,48.0
2026-07-16,cream,16,5.5,88.0
2026-07-16,parmesan,5,22.0,110.0
2026-07-16,fries_frozen,100,2.8,280.0
2026-07-16,cheddar,10,12.0,120.0
2026-07-20,chicken,40,11.5,460.0
2026-07-20,beef_patty,168,1.6,268.8
2026-07-20,fish_fillet,18,18.0,324.0
2026-07-20,romaine,72,1.8,129.6
2026-07-20,tomato,25,3.5,87.5
2026-07-20,tortilla,96,0.35,33.6
2026-07-20,bun,168,0.45,75.6
2026-07-20,cream,4,5.5,22.0
2026-07-20,parmesan,2,22.0,44.0
2026-07-20,fries_frozen,70,2.8,196.0
2026-07-20,cheddar,8,12.0,96.0
2026-07-23,chicken,35,11.5,402.5
2026-07-23,beef_patty,168,1.6,268.8
2026-07-23,fish_fillet,22,18.0,396.0
2026-07-23,romaine,84,1.8,151.2
2026-07-23,tomato,30,3.5,105.0
2026-07-23,tortilla,144,0.35,50.4
2026-07-23,bun,168,0.45,75.6
2026-07-23,penne,15,3.2,48.0
2026-07-23,cream,12,5.5,66.0
2026-07-23,parmesan,4,22.0,88.0
2026-07-23,fries_frozen,80,2.8,224.0
2026-07-23,cheddar,8,12.0,96.0
2026-07-27,chicken,40,11.5,460.0
2026-07-27,beef_patty,120,1.6,192.0
2026-07-27,fish_fillet,16,18.0,288.0
2026-07-27,romaine,72,1.8,129.6
2026-07-27,tomato,30,3.5,105.0
2026-07-27,tortilla,144,0.35,50.4
2026-07-27,bun,120,0.45,54.0
2026-07-27,penne,10,3.2,32.0
2026-07-27,cream,16,5.5,88.0
2026-07-27,parmesan,5,22.0,110.0
2026-07-27,fries_frozen,60,2.8,168.0
2026-07-27,cheddar,6,12.0,72.0
2026-07-30,chicken,45,11.5,517.5
2026-07-30,beef_patty,216,1.6,345.6
2026-07-30,fish_fillet,24,18.0,432.0
2026-07-30,romaine,84,1.8,151.2
2026-07-30,tomato,40,3.5,140.0
2026-07-30,tortilla,192,0.35,67.2
2026-07-30,bun,216,0.45,97.2
2026-07-30,penne,15,3.2,48.0
2026-07-30,cream,12,5.5,66.0
2026-07-30,parmesan,4,22.0,88.0
2026-07-30,fries_frozen,90,2.8,252.0
2026-07-30,cheddar,10,12.0,120.0
2026-08-03,chicken,40,11.5,460.0
2026-08-03,beef_patty,144,1.6,230.4
2026-08-03,fish_fillet,18,18.0,324.0
2026-08-03,romaine,60,1.8,108.0
2026-08-03,tomato,30,3.5,105.0
2026-08-03,tortilla,96,0.35,33.6
2026-08-03,bun,144,0.45,64.8
2026-08-03,penne,10,3.2,32.0
2026-08-03,cream,12,5.5,66.0
2026-08-03,parmesan,3,22.0,66.0
2026-08-03,fries_frozen,80,2.8,224.0
2026-08-03,cheddar,6,12.0,72.0
2026-08-06,chicken,30,11.5,345.0
2026-08-06,beef_patty,168,1.6,268.8
2026-08-06,fish_fillet,22,18.0,396.0
2026-08-06,romaine,84,1.8,151.2
2026-08-06,tomato,30,3.5,105.0
2026-08-06,tortilla,144,0.35,50.4
2026-08-06,bun,168,0.45,75.6
2026-08-06,penne,10,3.2,32.0
2026-08-06,cream,8,5.5,44.0
2026-08-06,parmesan,3,22.0,66.0
2026-08-06,fries_frozen,70,2.8,196.0
2026-08-06,cheddar,8,12.0,96.0
2026-08-10,chicken,35,11.5,402.5
2026-08-10,beef_patty,192,1.6,307.2
2026-08-10,fish_fillet,16,18.0,288.0
2026-08-10,romaine,60,1.8,108.0
2026-08-10,tomato,35,3.5,122.5
2026-08-10,tortilla,96,0.35,33.6
2026-08-10,bun,192,0.45,86.4
2026-08-10,penne,5,3.2,16.0
2026-08-10,cream,8,5.5,44.0
2026-08-10,parmesan,2,22.0,44.0
2026-08-10,fries_frozen,80,2.8,224.0
2026-08-10,cheddar,8,12.0,96.0
2026-08-13,chicken,35,11.5,402.5
2026-08-13,beef_patty,192,1.6,307.2
2026-08-13,fish_fillet,20,18.0,360.0
2026-08-13,romaine,84,1.8,151.2
2026-08-13,tomato,30,3.5,105.0
2026-08-13,tortilla,144,0.35,50.4
2026-08-13,bun,192,0.45,86.4
2026-08-13,penne,10,3.2,32.0
2026-08-13,cream,12,5.5,66.0
2026-08-13,parmesan,4,22.0,88.0
2026-08-13,fries_frozen,80,2.8,224.0
2026-08-13,cheddar,8,12.0,96.0
2026-08-17,chicken,40,11.5,460.0
2026-08-17,beef_patty,144,1.6,230.4
2026-08-17,fish_fillet,16,18.0,288.0
2026-08-17,romaine,60,1.8,108.0
2026-08-17,tomato,30,3.5,105.0
2026-08-17,tortilla,192,0.35,67.2
2026-08-17,bun,144,0.45,64.8
2026-08-17,penne,10,3.2,32.0
2026-08-17,cream,8,5.5,44.0
2026-08-17,parmesan,3,22.0,66.0
2026-08-17,fries_frozen,80,2.8,224.0
2026-08-17,cheddar,8,12.0,96.0
2026-08-20,chicken,30,11.5,345.0
2026-08-20,beef_patty,216,1.6,345.6
2026-08-20,fish_fillet,24,18.0,432.0
2026-08-20,romaine,72,1.8,129.6
2026-08-20,tomato,40,3.5,140.0
2026-08-20,tortilla,96,0.35,33.6
2026-08-20,bun,216,0.45,97.2
2026-08-20,penne,15,3.2,48.0
2026-08-20,cream,16,5.5,88.0
2026-08-20,parmesan,4,22.0,88.0
2026-08-20,fries_frozen,100,2.8,280.0
2026-08-20,cheddar,8,12.0,96.0
2026-08-24,chicken,35,11.5,402.5
2026-08-24,beef_patty,120,1.6,192.0
2026-08-24,fish_fillet,18,18.0,324.0
2026-08-24,romaine,48,1.8,86.4
2026-08-24,tomato,20,3.5,70.0
2026-08-24,tortilla,96,0.35,33.6
2026-08-24,bun,120,0.45,54.0
2026-08-24,penne,10,3.2,32.0
2026-08-24,cream,8,5.5,44.0
2026-08-24,parmesan,3,22.0,66.0
2026-08-24,fries_frozen,50,2.8,140.0
2026-08-24,cheddar,6,12.0,72.0
2026-08-27,chicken,35,11.5,402.5
2026-08-27,beef_patty,216,1.6,345.6
2026-08-27,fish_fillet,22,18.0,396.0
2026-08-27,romaine,84,1.8,151.2
2026-08-27,tomato,35,3.5,122.5
2026-08-27,tortilla,144,0.35,50.4
2026-08-27,bun,216,0.45,97.2
2026-08-27,penne,10,3.2,32.0
2026-08-27,cream,16,5.5,88.0
2026-08-27,parmesan,4,22.0,88.0
2026-08-27,fries_frozen,80,2.8,224.0
2026-08-27,cheddar,8,12.0,96.0
2026-08-31,chicken,40,11.5,460.0
2026-08-31,beef_patty,144,1.6,230.4
2026-08-31,fish_fillet,16,18.0,288.0
2026-08-31,romaine,84,1.8,151.2
2026-08-31,tomato,30,3.5,105.0
2026-08-31,tortilla,144,0.35,50.4
2026-08-31,bun,144,0.45,64.8
2026-08-31,penne,15,3.2,48.0
2026-08-31,cream,12,5.5,66.0
2026-08-31,parmesan,4,22.0,88.0
2026-08-31,fries_frozen,70,2.8,196.0
2026-08-31,cheddar,8,12.0,96.0
2026-09-03,chicken,40,11.5,460.0
2026-09-03,beef_patty,192,1.6,307.2
2026-09-03,fish_fillet,22,18.0,396.0
2026-09-03,romaine,72,1.8,129.6
2026-09-03,tomato,35,3.5,122.5
2026-09-03,tortilla,192,0.35,67.2
2026-09-03,bun,192,0.45,86.4
2026-09-03,penne,15,3.2,48.0
2026-09-03,cream,16,5.5,88.0
2026-09-03,parmesan,5,22.0,110.0
2026-09-03,fries_frozen,90,2.8,252.0
2026-09-03,cheddar,8,12.0,96.0
2026-09-07,chicken,45,11.5,517.5
2026-09-07,beef_patty,144,1.6,230.4
2026-09-07,fish_fillet,18,18.0,324.0
2026-09-07,romaine,72,1.8,129.6
2026-09-07,tomato,35,3.5,122.5
2026-09-07,tortilla,144,0.35,50.4
2026-09-07,bun,144,0.45,64.8
2026-09-07,penne,20,3.2,64.0
2026-09-07,cream,16,5.5,88.0
2026-09-07,parmesan,5,22.0,110.0
2026-09-07,fries_frozen,70,2.8,196.0
2026-09-07,cheddar,8,12.0,96.0
2026-09-10,chicken,40,11.5,460.0
2026-09-10,beef_patty,168,1.6,268.8
2026-09-10,fish_fillet,22,18.0,396.0
2026-09-10,romaine,84,1.8,151.2
2026-09-10,tomato,30,3.5,105.0
2026-09-10,tortilla,144,0.35,50.4
2026-09-10,bun,168,0.45,75.6
2026-09-10,penne,10,3.2,32.0
2026-09-10,cream,16,5.5,88.0
2026-09-10,parmesan,4,22.0,88.0
2026-09-10,fries_frozen,80,2.8,224.0
2026-09-10,cheddar,8,12.0,96.0
2026-09-14,chicken,40,11.5,460.0
2026-09-14,beef_patty,144,1.6,230.4
2026-09-14,fish_fillet,18,18.0,324.0
2026-09-14,romaine,72,1.8,129.6
2026-09-14,tomato,35,3.5,122.5
2026-09-14,tortilla,144,0.35,50.4
2026-09-14,bun,144,0.45,64.8
2026-09-14,penne,5,3.2,16.0
2026-09-14,cream,4,5.5,22.0
2026-09-14,parmesan,2,22.0,44.0
2026-09-14,fries_frozen,70,2.8,196.0
2026-09-14,cheddar,6,12.0,72.0
2026-09-17,chicken,35,11.5,402.5
2026-09-17,beef_patty,192,1.6,307.2
2026-09-17,fish_fillet,24,18.0,432.0
2026-09-17,romaine,72,1.8,129.6
2026-09-17,tomato,30,3.5,105.0
2026-09-17,tortilla,144,0.35,50.4
2026-09-17,bun,192,0.45,86.4
2026-09-17,penne,15,3.2,48.0
2026-09-17,cream,16,5.5,88.0
2026-09-17,parmesan,4,22.0,88.0
2026-09-17,fries_frozen,80,2.8,224.0
2026-09-17,cheddar,10,12.0,120.0
