item_id,ingredient_id,qty_per_serving
chicken_wrap,chicken,0.15
chicken_wrap,tortilla,1.0
chicken_wrap,romaine,0.15
chicken_wrap,tomato,0.05
chicken_wrap,cheddar,0.02
classic_burger,beef_patty,1.0
classic_burger,bun,1.0
classic_burger,romaine,0.1
classic_burger,tomato,0.05
classic_burger,cheddar,0.03
classic_burger,fries_frozen,0.2
caesar_salad,romaine,0.5
caesar_salad,parmesan,0.02
caesar_salad,chicken,0.1
fish_and_chips,fish_fillet,0.2
fish_and_chips,fries_frozen,0.25
penne_alfredo,penne,0.15
penne_alfredo,cream,0.12
penne_alfredo,parmesan,0.03
penne_alfredo,chicken,0.08
tomato_soup,tomato,0.3
tomato_soup,cream,0.05
fries,fries_frozen,0.25
