date,item_id,qty_sold,avg_price
2026-06-29,chicken_wrap,32,13.0
2026-06-29,classic_burger,40,15.0
2026-06-29,caesar_salad,20,11.0
2026-06-29,fish_and_chips,20,17.0
2026-06-29,penne_alfredo,26,14.0
2026-06-29,tomato_soup,16,7.0
2026-06-29,fries,20,5.0
2026-06-30,chicken_wrap,55,13.0
2026-06-30,classic_burger,47,15.0
2026-06-30,caesar_salad,19,11.0
2026-06-30,fish_and_chips,25,17.0
2026-06-30,penne_alfredo,17,14.0
2026-06-30,tomato_soup,10,7.0
2026-06-30,fries,28,5.0
2026-07-01,chicken_wrap,35,13.0
2026-07-01,classic_burger,37,15.0
2026-07-01,caesar_salad,18,11.0
2026-07-01,fish_and_chips,19,17.0
2026-07-01,penne_alfredo,19,14.0
2026-07-01,tomato_soup,12,7.0
2026-07-01,fries,25,5.0
2026-07-02,chicken_wrap,51,13.0
2026-07-02,classic_burger,42,15.0
2026-07-02,caesar_salad,22,11.0
2026-07-02,fish_and_chips,29,17.0
2026-07-02,penne_alfredo,18,14.0
2026-07-02,tomato_soup,12,7.0
2026-07-02,fries,34,5.0
2026-07-03,chicken_wrap,46,13.0
2026-07-03,classic_burger,63,15.0
2026-07-03,caesar_salad,32,11.0
2026-07-03,fish_and_chips,33,17.0
2026-07-03,penne_alfredo,30,14.0
2026-07-03,tomato_soup,14,7.0
2026-07-03,fries,50,5.0
2026-07-04,chicken_wrap,60,13.0
2026-07-04,classic_burger,57,15.0
2026-07-04,caesar_salad,29,11.0
2026-07-04,fish_and_chips,38,17.0
2026-07-04,penne_alfredo,32,14.0
2026-07-04,tomato_soup,21,7.0
2026-07-04,fries,48,5.0
2026-07-05,chicken_wrap,45,13.0
2026-07-05,classic_burger,41,15.0
2026-07-05,caesar_salad,27,11.0
2026-07-05,penne_alfredo,20,14.0
2026-07-05,tomato_soup,13,7.0
2026-07-05,fries,41,5.0
2026-07-06,chicken_wrap,29,13.0
2026-07-06,classic_burger,27,15.0
2026-07-06,caesar_salad,12,11.0
2026-07-06,fish_and_chips,20,17.0
2026-07-06,penne_alfredo,21,14.0
2026-07-06,tomato_soup,10,7.0
2026-07-06,fries,30,5.0
2026-07-07,chicken_wrap,36,13.0
2026-07-07,classic_burger,35,15.0
2026-07-07,caesar_salad,13,11.0
2026-07-07,fish_and_chips,23,17.0
2026-07-07,penne_alfredo,18,14.0
2026-07-07,tomato_soup,10,7.0
2026-07-07,fries,16,5.0
2026-07-08,chicken_wrap,43,13.0
2026-07-08,classic_burger,56,15.0
2026-07-08,caesar_salad,13,11.0
2026-07-08,fish_and_chips,24,17.0
2026-07-08,penne_alfredo,21,14.0
2026-07-08,tomato_soup,14,7.0
2026-07-08,fries,30,5.0
2026-07-09,chicken_wrap,32,13.0
2026-07-09,classic_burger,33,15.0
2026-07-09,caesar_salad,17,11.0
2026-07-09,fish_and_chips,24,17.0
2026-07-09,penne_alfredo,18,14.0
2026-07-09,tomato_soup,10,7.0
2026-07-09,fries,30,5.0
2026-07-10,chicken_wrap,47,13.0
2026-07-10,classic_burger,66,15.0
2026-07-10,caesar_salad,30,11.0
2026-07-10,fish_and_chips,38,17.0
2026-07-10,penne_alfredo,35,14.0
2026-07-10,tomato_soup,19,7.0
2026-07-10,fries,35,5.0
2026-07-11,chicken_wrap,59,13.0
2026-07-11,classic_burger,63,15.0
2026-07-11,caesar_salad,24,11.0
2026-07-11,fish_and_chips,49,17.0
2026-07-11,penne_alfredo,27,14.0
2026-07-11,tomato_soup,20,7.0
2026-07-11,fries,39,5.0
2026-07-12,chicken_wrap,32,13.0
2026-07-12,classic_burger,38,15.0
2026-07-12,caesar_salad,21,11.0
2026-07-12,penne_alfredo,23,14.0
2026-07-12,tomato_soup,19,7.0
2026-07-12,fries,30,5.0
2026-07-13,chicken_wrap,37,13.0
2026-07-13,classic_burger,35,15.0
2026-07-13,caesar_salad,19,11.0
2026-07-13,fish_and_chips,14,17.0
2026-07-13,penne_alfredo,8,14.0
2026-07-13,tomato_soup,16,7.0
2026-07-13,fries,26,5.0
2026-07-14,chicken_wrap,30,13.0
2026-07-14,classic_burger,51,15.0
2026-07-14,caesar_salad,23,11.0
2026-07-14,fish_and_chips,17,17.0
2026-07-14,penne_alfredo,33,14.0
2026-07-14,tomato_soup,20,7.0
2026-07-14,fries,30,5.0
2026-07-15,chicken_wrap,44,13.0
2026-07-15,classic_burger,52,15.0
2026-07-15,caesar_salad,25,11.0
2026-07-15,fish_and_chips,29,17.0
2026-07-15,penne_alfredo,20,14.0
2026-07-15,tomato_soup,17,7.0
2026-07-15,fries,39,5.0
2026-07-16,chicken_wrap,37,13.0
2026-07-16,classic_burger,45,15.0
2026-07-16,caesar_salad,18,11.0
2026-07-16,fish_and_chips,25,17.0
2026-07-16,penne_alfredo,18,14.0
2026-07-16,tomato_soup,15,7.0
2026-07-16,fries,34,5.0
2026-07-17,chicken_wrap,50,13.0
2026-07-17,classic_burger,60,15.0
2026-07-17,caesar_salad,28,11.0
2026-07-17,fish_and_chips,33,17.0
2026-07-17,penne_alfredo,20,14.0
2026-07-17,tomato_soup,11,7.0
2026-07-17,fries,25,5.0
2026-07-18,chicken_wrap,50,13.0
2026-07-18,classic_burger,69,15.0
2026-07-18,caesar_salad,31,11.0
2026-07-18,fish_and_chips,41,17.0
2026-07-18,penne_alfredo,27,14.0
2026-07-18,tomato_soup,15,7.0
2026-07-18,fries,29,5.0
2026-07-19,chicken_wrap,31,13.0
2026-07-19,classic_burger,43,15.0
2026-07-19,caesar_salad,23,11.0
2026-07-19,penne_alfredo,8,14.0
2026-07-19,tomato_soup,14,7.0
2026-07-19,fries,30,5.0
2026-07-20,chicken_wrap,29,13.0
2026-07-20,classic_burger,36,15.0
2026-07-20,caesar_salad,17,11.0
2026-07-20,fish_and_chips,17,17.0
2026-07-20,penne_alfredo,17,14.0
2026-07-20,tomato_soup,13,7.0
2026-07-20,fries,27,5.0
2026-07-21,chicken_wrap,32,13.0
2026-07-21,classic_burger,48,15.0
2026-07-21,caesar_salad,20,11.0
2026-07-21,fish_and_chips,16,17.0
2026-07-21,penne_alfredo,16,14.0
2026-07-21,tomato_soup,17,7.0
2026-07-21,fries,27,5.0
2026-07-22,chicken_wrap,35,13.0
2026-07-22,classic_burger,36,15.0
2026-07-22,caesar_salad,26,11.0
2026-07-22,fish_and_chips,15,17.0
2026-07-22,penne_alfredo,20,14.0
2026-07-22,tomato_soup,15,7.0
2026-07-22,fries,37,5.0
2026-07-23,chicken_wrap,39,13.0
2026-07-23,classic_burger,44,15.0
2026-07-23,caesar_salad,25,11.0
2026-07-23,fish_and_chips,23,17.0
2026-07-23,penne_alfredo,21,14.0
2026-07-23,tomato_soup,16,7.0
2026-07-23,fries,24,5.0
2026-07-24,chicken_wrap,55,13.0
2026-07-24,classic_burger,59,15.0
2026-07-24,caesar_salad,30,11.0
2026-07-24,fish_and_chips,26,17.0
2026-07-24,penne_alfredo,30,14.0
2026-07-24,tomato_soup,14,7.0
2026-07-24,fries,36,5.0
2026-07-25,chicken_wrap,52,13.0
2026-07-25,classic_burger,54,15.0
2026-07-25,caesar_salad,34,11.0
2026-07-25,fish_and_chips,49,17.0
2026-07-25,penne_alfredo,27,14.0
2026-07-25,tomato_soup,23,7.0
2026-07-25,fries,40,5.0
2026-07-26,chicken_wrap,32,13.0
2026-07-26,classic_burger,36,15.0
2026-07-26,caesar_salad,14,11.0
2026-07-26,penne_alfredo,22,14.0
2026-07-26,tomato_soup,14,7.0
2026-07-26,fries,30,5.0
2026-07-27,chicken_wrap,46,13.0
2026-07-27,classic_burger,48,15.0
2026-07-27,caesar_salad,19,11.0
2026-07-27,fish_and_chips,19,17.0
2026-07-27,penne_alfredo,16,14.0
2026-07-27,tomato_soup,12,7.0
2026-07-27,fries,22,5.0
2026-07-28,chicken_wrap,38,13.0
2026-07-28,classic_burger,38,15.0
2026-07-28,caesar_salad,15,11.0
2026-07-28,fish_and_chips,30,17.0
2026-07-28,penne_alfredo,17,14.0
2026-07-28,tomato_soup,13,7.0
2026-07-28,fries,23,5.0
2026-07-29,chicken_wrap,39,13.0
2026-07-29,classic_burger,44,15.0
2026-07-29,caesar_salad,19,11.0
2026-07-29,fish_and_chips,19,17.0
2026-07-29,penne_alfredo,21,14.0
2026-07-29,tomato_soup,17,7.0
2026-07-29,fries,26,5.0
2026-07-30,chicken_wrap,43,13.0
2026-07-30,classic_burger,55,15.0
2026-07-30,caesar_salad,18,11.0
2026-07-30,fish_and_chips,21,17.0
2026-07-30,penne_alfredo,23,14.0
2026-07-30,tomato_soup,15,7.0
2026-07-30,fries,34,5.0
2026-07-31,chicken_wrap,45,13.0
2026-07-31,classic_burger,45,15.0
2026-07-31,caesar_salad,24,11.0
2026-07-31,fish_and_chips,37,17.0
2026-07-31,penne_alfredo,14,14.0
2026-07-31,tomato_soup,23,7.0
2026-07-31,fries,39,5.0
2026-08-01,chicken_wrap,51,13.0
2026-08-01,classic_burger,61,15.0
2026-08-01,caesar_salad,27,11.0
2026-08-01,fish_and_chips,36,17.0
2026-08-01,penne_alfredo,34,14.0
2026-08-01,tomato_soup,23,7.0
2026-08-01,fries,48,5.0
2026-08-02,chicken_wrap,34,13.0
2026-08-02,classic_burger,46,15.0
2026-08-02,caesar_salad,21,11.0
2026-08-02,penne_alfredo,25,14.0
2026-08-02,tomato_soup,17,7.0
2026-08-02,fries,29,5.0
2026-08-03,chicken_wrap,28,13.0
2026-08-03,classic_burger,37,15.0
2026-08-03,caesar_salad,22,11.0
2026-08-03,fish_and_chips,16,17.0
2026-08-03,penne_alfredo,14,14.0
2026-08-03,tomato_soup,10,7.0
2026-08-03,fries,30,5.0
2026-08-04,chicken_wrap,39,13.0
2026-08-04,classic_burger,33,15.0
2026-08-04,caesar_salad,19,11.0
2026-08-04,fish_and_chips,23,17.0
2026-08-04,penne_alfredo,18,14.0
2026-08-04,tomato_soup,14,7.0
2026-08-04,fries,16,5.0
2026-08-05,chicken_wrap,26,13.0
2026-08-05,classic_burger,37,15.0
2026-08-05,caesar_salad,16,11.0
2026-08-05,fish_and_chips,18,17.0
2026-08-05,penne_alfredo,9,14.0
2026-08-05,tomato_soup,13,7.0
2026-08-05,fries,14,5.0
2026-08-06,chicken_wrap,47,13.0
2026-08-06,classic_burger,50,15.0
2026-08-06,caesar_salad,26,11.0
2026-08-06,fish_and_chips,21,17.0
2026-08-06,penne_alfredo,12,14.0
2026-08-06,tomato_soup,20,7.0
2026-08-06,fries,32,5.0
2026-08-07,chicken_wrap,57,13.0
2026-08-07,classic_burger,74,15.0
2026-08-07,caesar_salad,25,11.0
2026-08-07,fish_and_chips,31,17.0
2026-08-07,penne_alfredo,27,14.0
2026-08-07,tomato_soup,23,7.0
2026-08-07,fries,38,5.0
2026-08-08,chicken_wrap,54,13.0
2026-08-08,classic_burger,64,15.0
2026-08-08,caesar_salad,22,11.0
2026-08-08,fish_and_chips,30,17.0
2026-08-08,penne_alfredo,27,14.0
2026-08-08,tomato_soup,19,7.0
2026-08-08,fries,35,5.0
2026-08-09,chicken_wrap,18,13.0
2026-08-09,classic_burger,54,15.0
2026-08-09,caesar_salad,9,11.0
2026-08-09,penne_alfredo,9,14.0
2026-08-09,tomato_soup,12,7.0
2026-08-09,fries,26,5.0
2026-08-10,chicken_wrap,32,13.0
2026-08-10,classic_burger,44,15.0
2026-08-10,caesar_salad,11,11.0
2026-08-10,fish_and_chips,18,17.0
2026-08-10,penne_alfredo,18,14.0
2026-08-10,tomato_soup,8,7.0
2026-08-10,fries,24,5.0
2026-08-11,chicken_wrap,36,13.0
2026-08-11,classic_burger,37,15.0
2026-08-11,caesar_salad,19,11.0
2026-08-11,fish_and_chips,15,17.0
2026-08-11,penne_alfredo,17,14.0
2026-08-11,tomato_soup,13,7.0
2026-08-11,fries,23,5.0
2026-08-12,chicken_wrap,27,13.0
2026-08-12,classic_burger,30,15.0
2026-08-12,caesar_salad,15,11.0
2026-08-12,fish_and_chips,17,17.0
2026-08-12,penne_alfredo,17,14.0
2026-08-12,tomato_soup,16,7.0
2026-08-12,fries,28,5.0
2026-08-13,chicken_wrap,43,13.0
2026-08-13,classic_burger,47,15.0
2026-08-13,caesar_salad,15,11.0
2026-08-13,fish_and_chips,27,17.0
2026-08-13,penne_alfredo,21,14.0
2026-08-13,tomato_soup,11,7.0
2026-08-13,fries,34,5.0
2026-08-14,chicken_wrap,92,10.4
2026-08-14,classic_burger,59,15.0
2026-08-14,caesar_salad,26,11.0
2026-08-14,fish_and_chips,35,17.0
2026-08-14,penne_alfredo,28,14.0
2026-08-14,tomato_soup,21,7.0
2026-08-14,fries,35,5.0
2026-08-15,chicken_wrap,66,10.4
2026-08-15,classic_burger,61,15.0
2026-08-15,caesar_salad,36,11.0
2026-08-15,fish_and_chips,36,17.0
2026-08-15,penne_alfredo,33,14.0
2026-08-15,tomato_soup,26,7.0
2026-08-15,fries,52,5.0
2026-08-16,classic_burger,60,15.0
2026-08-16,caesar_salad,1,11.0
2026-08-16,penne_alfredo,1,14.0
2026-08-16,tomato_soup,13,7.0
2026-08-16,fries,25,5.0
2026-08-17,chicken_wrap,27,13.0
2026-08-17,classic_burger,31,15.0
2026-08-17,caesar_salad,14,11.0
2026-08-17,fish_and_chips,21,17.0
2026-08-17,penne_alfredo,13,14.0
2026-08-17,tomato_soup,16,7.0
2026-08-17,fries,22,5.0
2026-08-18,chicken_wrap,29,13.0
2026-08-18,classic_burger,35,15.0
2026-08-18,caesar_salad,11,11.0
2026-08-18,fish_and_chips,20,17.0
2026-08-18,penne_alfredo,16,14.0
2026-08-18,tomato_soup,13,7.0
2026-08-18,fries,24,5.0
2026-08-19,chicken_wrap,28,13.0
2026-08-19,classic_burger,54,15.0
2026-08-19,caesar_salad,14,11.0
2026-08-19,fish_and_chips,25,17.0
2026-08-19,penne_alfredo,28,14.0
2026-08-19,tomato_soup,15,7.0
2026-08-19,fries,30,5.0
2026-08-20,chicken_wrap,26,13.0
2026-08-20,classic_burger,40,15.0
2026-08-20,caesar_salad,13,11.0
2026-08-20,fish_and_chips,31,17.0
2026-08-20,penne_alfredo,15,14.0
2026-08-20,tomato_soup,11,7.0
2026-08-20,fries,23,5.0
2026-08-21,chicken_wrap,55,13.0
2026-08-21,classic_burger,74,15.0
2026-08-21,caesar_salad,29,11.0
2026-08-21,fish_and_chips,34,17.0
2026-08-21,penne_alfredo,37,14.0
2026-08-21,tomato_soup,17,7.0
2026-08-21,fries,35,5.0
2026-08-22,chicken_wrap,44,13.0
2026-08-22,classic_burger,53,15.0
2026-08-22,caesar_salad,18,11.0
2026-08-22,fish_and_chips,26,17.0
2026-08-22,penne_alfredo,26,14.0
2026-08-22,tomato_soup,16,7.0
2026-08-22,fries,22,5.0
2026-08-23,chicken_wrap,24,13.0
2026-08-23,classic_burger,38,15.0
2026-08-23,caesar_salad,9,11.0
2026-08-23,penne_alfredo,11,14.0
2026-08-23,tomato_soup,14,7.0
2026-08-23,fries,26,5.0
2026-08-24,chicken_wrap,36,13.0
2026-08-24,classic_burger,46,15.0
2026-08-24,caesar_salad,15,11.0
2026-08-24,fish_and_chips,21,17.0
2026-08-24,penne_alfredo,19,14.0
2026-08-24,tomato_soup,18,7.0
2026-08-24,fries,24,5.0
2026-08-25,chicken_wrap,26,13.0
2026-08-25,classic_burger,45,15.0
2026-08-25,caesar_salad,21,11.0
2026-08-25,fish_and_chips,18,17.0
2026-08-25,penne_alfredo,24,14.0
2026-08-25,tomato_soup,14,7.0
2026-08-25,fries,30,5.0
2026-08-26,chicken_wrap,37,13.0
2026-08-26,classic_burger,41,15.0
2026-08-26,caesar_salad,14,11.0
2026-08-26,fish_and_chips,13,17.0
2026-08-26,penne_alfredo,13,14.0
2026-08-26,tomato_soup,12,7.0
2026-08-26,fries,15,5.0
2026-08-27,chicken_wrap,30,13.0
2026-08-27,classic_burger,48,15.0
2026-08-27,caesar_salad,18,11.0
2026-08-27,fish_and_chips,21,17.0
2026-08-27,penne_alfredo,27,14.0
2026-08-27,tomato_soup,10,7.0
2026-08-27,fries,24,5.0
2026-08-28,chicken_wrap,52,13.0
2026-08-28,classic_burger,55,15.0
2026-08-28,caesar_salad,34,11.0
2026-08-28,fish_and_chips,31,17.0
2026-08-28,penne_alfredo,33,14.0
2026-08-28,tomato_soup,22,7.0
2026-08-28,fries,46,5.0
2026-08-29,chicken_wrap,57,13.0
2026-08-29,classic_burger,67,15.0
2026-08-29,caesar_salad,29,11.0
2026-08-29,fish_and_chips,34,17.0
2026-08-29,penne_alfredo,30,14.0
2026-08-29,tomato_soup,22,7.0
2026-08-29,fries,40,5.0
2026-08-30,chicken_wrap,27,13.0
2026-08-30,classic_burger,38,15.0
2026-08-30,caesar_salad,11,11.0
2026-08-30,penne_alfredo,27,14.0
2026-08-30,tomato_soup,11,7.0
2026-08-30,fries,27,5.0
2026-08-31,chicken_wrap,35,13.0
2026-08-31,classic_burger,29,15.0
2026-08-31,caesar_salad,13,11.0
2026-08-31,fish_and_chips,19,17.0
2026-08-31,penne_alfredo,21,14.0
2026-08-31,tomato_soup,13,7.0
2026-08-31,fries,25,5.0
2026-09-01,chicken_wrap,43,13.0
2026-09-01,classic_burger,35,15.0
2026-09-01,caesar_salad,14,11.0
2026-09-01,fish_and_chips,25,17.0
2026-09-01,penne_alfredo,20,14.0
2026-09-01,tomato_soup,13,7.0
2026-09-01,fries,23,5.0
2026-09-02,chicken_wrap,47,13.0
2026-09-02,classic_burger,49,15.0
2026-09-02,caesar_salad,14,11.0
2026-09-02,fish_and_chips,19,17.0
2026-09-02,penne_alfredo,23,14.0
2026-09-02,tomato_soup,19,7.0
2026-09-02,fries,29,5.0
2026-09-03,chicken_wrap,46,13.0
2026-09-03,classic_burger,54,15.0
2026-09-03,caesar_salad,20,11.0
2026-09-03,fish_and_chips,28,17.0
2026-09-03,penne_alfredo,30,14.0
2026-09-03,tomato_soup,17,7.0
2026-09-03,fries,34,5.0
2026-09-04,chicken_wrap,55,13.0
2026-09-04,classic_burger,59,15.0
2026-09-04,caesar_salad,28,11.0
2026-09-04,fish_and_chips,35,17.0
2026-09-04,penne_alfredo,45,14.0
2026-09-04,tomato_soup,24,7.0
2026-09-04,fries,43,5.0
2026-09-05,chicken_wrap,54,13.0
2026-09-05,classic_burger,51,15.0
2026-09-05,caesar_salad,28,11.0
2026-09-05,fish_and_chips,34,17.0
2026-09-05,penne_alfredo,42,14.0
2026-09-05,tomato_soup,20,7.0
2026-09-05,fries,37,5.0
2026-09-06,chicken_wrap,48,13.0
2026-09-06,classic_burger,43,15.0
2026-09-06,caesar_salad,21,11.0
2026-09-06,penne_alfredo,20,14.0
2026-09-06,tomato_soup,13,7.0
2026-09-06,fries,15,5.0
2026-09-07,chicken_wrap,38,13.0
2026-09-07,classic_burger,35,15.0
2026-09-07,caesar_salad,19,11.0
2026-09-07,fish_and_chips,15,17.0
2026-09-07,penne_alfredo,22,14.0
2026-09-07,tomato_soup,10,7.0
2026-09-07,fries,26,5.0
2026-09-08,chicken_wrap,38,13.0
2026-09-08,classic_burger,38,15.0
2026-09-08,caesar_salad,16,11.0
2026-09-08,fish_and_chips,18,17.0
2026-09-08,penne_alfredo,18,14.0
2026-09-08,tomato_soup,14,7.0
2026-09-08,fries,29,5.0
2026-09-09,chicken_wrap,29,13.0
2026-09-09,classic_burger,41,15.0
2026-09-09,caesar_salad,21,11.0
2026-09-09,fish_and_chips,22,17.0
2026-09-09,penne_alfredo,17,14.0
2026-09-09,tomato_soup,15,7.0
2026-09-09,fries,22,5.0
2026-09-10,chicken_wrap,40,13.0
2026-09-10,classic_burger,45,15.0
2026-09-10,caesar_salad,12,11.0
2026-09-10,fish_and_chips,33,17.0
2026-09-10,penne_alfredo,20,14.0
2026-09-10,tomato_soup,13,7.0
2026-09-10,fries,22,5.0
2026-09-11,chicken_wrap,47,13.0
2026-09-11,classic_burger,66,15.0
2026-09-11,caesar_salad,35,11.0
2026-09-11,fish_and_chips,35,17.0
2026-09-11,penne_alfredo,26,14.0
2026-09-11,tomato_soup,26,7.0
2026-09-11,fries,28,5.0
2026-09-12,chicken_wrap,46,13.0
2026-09-12,classic_burger,52,15.0
2026-09-12,caesar_salad,26,11.0
2026-09-12,fish_and_chips,36,17.0
2026-09-12,penne_alfredo,25,14.0
2026-09-12,tomato_soup,21,7.0
2026-09-12,fries,31,5.0
2026-09-13,chicken_wrap,50,13.0
2026-09-13,classic_burger,39,15.0
2026-09-13,caesar_salad,18,11.0
2026-09-13,penne_alfredo,17,14.0
2026-09-13,tomato_soup,18,7.0
2026-09-13,fries,27,5.0
2026-09-14,chicken_wrap,22,13.0
2026-09-14,classic_burger,47,15.0
2026-09-14,caesar_salad,11,11.0
2026-09-14,fish_and_chips,20,17.0
2026-09-14,penne_alfredo,10,14.0
2026-09-14,tomato_soup,10,7.0
2026-09-14,fries,21,5.0
2026-09-15,chicken_wrap,55,13.0
2026-09-15,classic_burger,36,15.0
2026-09-15,caesar_salad,20,11.0
2026-09-15,fish_and_chips,24,17.0
2026-09-15,penne_alfredo,26,14.0
2026-09-15,tomato_soup,9,7.0
2026-09-15,fries,34,5.0
2026-09-16,chicken_wrap,30,13.0
2026-09-16,classic_burger,39,15.0
2026-09-16,caesar_salad,12,11.0
2026-09-16,fish_and_chips,13,17.0
2026-09-16,penne_alfredo,19,14.0
2026-09-16,tomato_soup,12,7.0
2026-09-16,fries,24,5.0
2026-09-17,chicken_wrap,46,13.0
2026-09-17,classic_burger,40,15.0
2026-09-17,caesar_salad,20,11.0
2026-09-17,fish_and_chips,40,17.0
2026-09-17,penne_alfredo,23,14.0
2026-09-17,tomato_soup,15,7.0
2026-09-17,fries,30,5.0
2026-09-18,chicken_wrap,45,13.0
2026-09-18,classic_burger,52,15.0
2026-09-18,caesar_salad,12,11.0
2026-09-18,fish_and_chips,32,17.0
2026-09-18,penne_alfredo,23,14.0
2026-09-18,tomato_soup,19,7.0
2026-09-18,fries,36,5.0
2026-09-19,chicken_wrap,53,13.0
2026-09-19,classic_burger,48,15.0
2026-09-19,caesar_salad,19,11.0
2026-09-19,fish_and_chips,28,17.0
2026-09-19,penne_alfredo,26,14.0
2026-09-19,tomato_soup,23,7.0
2026-09-19,fries,33,5.0
2026-09-20,chicken_wrap,41,13.0
2026-09-20,classic_burger,43,15.0
2026-09-20,caesar_salad,14,11.0
2026-09-20,penne_alfredo,17,14.0
2026-09-20,tomato_soup,12,7.0
2026-09-20,fries,38,5.0
